"Широта";"Долгота";"Описание";"Подпись";"Номер метки"
52.544358;103.888249;"Город присутствия ГК Росатом";"Ангарск";
51.522664;104.148877;"Город присутствия ГК Росатом";"Байкальск";
52.01843;47.819676;"Город присутствия ГК Росатом";"Балаково";
68.057129;166.451139;"Город присутствия ГК Росатом";"Билибино";
47.519624;42.206329;"Город присутствия ГК Росатом";"Волгодонск";
58.140801;52.674253;"Город присутствия ГК Росатом";"Глазов";
54.152351;33.287881;"Город присутствия ГК Росатом";"Десногорск";
54.217515;49.623924;"Город присутствия ГК Росатом";"Димитровград";
56.250952;93.532677;"Город присутствия ГК Росатом";"Железногорск";
53.196088;45.169071;"Город присутствия ГК Росатом";"ЗАТО Заречный";
56.814966;61.320349;"Город присутствия ГК Росатом";"Заречный";
56.113291;94.588844;"Город присутствия ГК Росатом";"Зеленогорск";
50.098683;118.034146;"Город присутствия ГК Росатом";"Краснокаменск";
51.659518;35.657098;"Город присутствия ГК Росатом";"Курчатов";
58.635513;59.79863;"Город присутствия ГК Росатом";"Лесной";
55.038841;22.028146;"Город присутствия ГК Росатом";"Неман";
51.3091;39.215981;"Город присутствия ГК Росатом";"Нововоронеж";
57.247235;60.095613;"Город присутствия ГК Росатом";"Новоуральск";
55.117082;36.597014;"Город присутствия ГК Росатом";"Обнинск";
55.763189;60.707608;"Город присутствия ГК Росатом";"Озерск";
69.702974;170.274369;"Город присутствия ГК Росатом";"Певек";
67.365788;32.500975;"Город присутствия ГК Росатом";"Полярные Зори";
54.922793;43.344853;"Город присутствия ГК Росатом";"Саров";
56.60319;84.880913;"Город присутствия ГК Росатом";"Северск";
56.087303;60.732707;"Город присутствия ГК Росатом";"Снежинск";
55.081034;21.888656;"Город присутствия ГК Росатом";"Советск";
59.896869;29.076903;"Город присутствия ГК Росатом";"Сосновый Бор";
54.814652;58.44662;"Город присутствия ГК Росатом";"Трехгорный";
57.871648;35.005739;"Город присутствия ГК Росатом";"Удомля";
52.757095;103.637332;"Город присутствия ГК Росатом";"Усолье-Сибирское";
55.78445;38.444858;"Город присутствия ГК Росатом";"Электросталь";
47.499825;34.656007;"Город присутствия ГК Росатом";"Энергодар";
52.509512;103.860913;"Деятельность НКО: Местное сообщество и развитие территорий.

Основная деятельность: Повышение качества жизни жителей 12а микрорайона г. Ангарска Иркутской области ( Благоустройство и содержании территории, организация культурных, спортивных и социально значимых мероприятий, взаимодействие с органами власти для учёта мнения жителей, экологии и социальной помощи.

Ссылка на социальные сети: https://vk.com/id746471055

ЦА:
Жители микрорайона 12А (социально незащищенные группы: пенсионеры, инвалиды, многодетные семьи, малоимущие и д.р. дети и молодежь, собственники жилья.)

План мероприятий на год:
1) Физическая зарядка для пенсионеров каждый четверг.
2) Каждую пятницу тренировки по скандинавской ходьбе для всех возрастов. 
3) До 30.10.2025 установка детской эко-площадки и открытие площадки.
4) Раз в месяц встречи с жителями по обсуждению проблем на территории и пути решения.";"ОО ТОС АГО ""12а микрорайон""";
47.525739;42.13644;"Деятельность НКО: Социальная защита (помощь людям в трудной ситуации).

Основная деятельность: Благотворительный общественно полезный фонд помощи социально незащищенным слоям населения «Платформа добрых дел».

Ссылка на социальные сети: -

ЦА:
молодые люди с инвалидностью старше 18 лет, граждане старшего возраста (пенсионного)

План мероприятий на год:
Плана мероприятий пока нет, так как такового обозначенного плана нашим фондом не имеется.";"Благотворительный общественно полезный фонд помощи социально незащищенным слоям населения ""Платформа добрых дел""";
58.137855;52.647851;"Деятельность НКО: Местное сообщество и развитие территорий.

Основная деятельность:
-Консультирование и регистрация на площадке «Добро.РФ»;
-Проведение ""Школы волонтеров"";
-Формирование и сопровождение волонтерских корпусов (например, на общегородских мероприятиях, федеральных проектах (Формирование комфортной городской среды);
-Информирование граждан и организаторов о развитии добровольчества, благотворительности и гражданских инициатив (индивидуально).

Ссылка на социальные сети: https://vk.com/mcglazov

ЦА:
Молодежь в возрасте от 14 до 35 лет.";"МБУ ""Молодежный центр""";
58.138365;52.665585;"Деятельность НКО: Другое.

Основная деятельность: Ресурсный центр помощи НКО и сообществам, учреждениям культуры, образования.

Ссылка на социальные сети: https://m.vk.com/korolenko8?from=groups

ЦА: 
Инициативные жители, сообщества, НКО, учреждения города.";"Культурная база ""Короленко 8"" (МБУ ""ЦМиТО УКСиМП"" ";
56.24406;93.493717;"Деятельность НКО: Экология и устойчивое развитие.

Основная деятельность: Организация и проведение различных экскурсий, конкурсов, выставок, акций, конференций, фестивалей, семинаров, олимпиад, походов, круглых столов, курсов, связанных с миром природы. Разработка и реализация просветительных программ эколого-биологической, естественно-научной, природоохранной, туристско-краеведческой направленности для детей и взрослых вместе с детьми. Оказание практической помощи другим организациям и привлечение молодежи к участию в экологической работе на территории ЗАТО Железногорск. 

Ссылка на социальные сети: vk.com/ecosoyuz24 

ЦА: 
Активная молодежь, заинтересованная в решении экологических проблем и природоохранной деятельности, экоактивисты.

План мероприятий на год:
1) «Нескучная инженерия» при поддержке АНО «Энергия развития» ГК Росатом.
2) «Ни грамма скуки» - при поддержке фонда президентских грантов.
3) «Меняй себя, а не климат» поддержанный фондом «Соработничество» (с 1 августа).
4) Проект «Система ЗАТО Железногорск» (с 1 декабря).";"КРОМО ""Экологический союз"" ";
56.096207;94.556038;"Деятельность НКО: Здоровье и спорт.

Ссылка на социальные сети: vk.com/publik177651782";"Федерация картинга";
56.112729;94.595699;"Деятельность НКО: Местное сообщество и развитие территорий.

Основная деятельность: На сегодня принято решение оставить Фонд после окончания СВО. Он будет заниматься сбором пожертвований и помощью людям в тяжелых ситуациях (пожары, болезни и т.п.).

Ссылка на социальные сети: https://vk.com/club206489451?from=groups

ЦА:  
Люди в сложной жизненной ситуации.";"НКО ""Резервный фонд поддержки гражданских инициатив города Зеленогорска""";
56.101951;94.584003;"Деятельность НКО: Здоровье и спорт

Основная деятельность: Развитие компьютерного спорта и фиджитал-спорта в Зеленогорске, проведение мероприятий, турниров и просветительской работой в данной области.

Ссылка на социальные сети: 
группа ВК: https://vk.com/cyberatom_zlk24 
канал Телеграм: https://t.me/cyberatom_zlk24

ЦА: 
Подростки 12-17 лет, а также их родители. С первыми ведем непосредственную работу по развитию их навыков в киберспорте и фиджитале, а со вторыми веду просветительскую работу и просто рассказываю, что киберспорт это не бесконтрольный гейминг и не игромания, а такое же спортивное направление, как футбол, шахматы и так далее, он также развивает определенные навыки, и дети там также получают определенные знания и необходимую для них в наше время социализацию.

План мероприятий до конца года:
В планах до конца года открыть детский клуб, уже подготовительные работы ведутся, смета на оборудование подготовлена, но основная проблема в его дороговизне. Открыть клуб на 10 компьютеров, две приставки и 1 VR-шлем даже не на топовом оборудовании, но на более-менее актуальном, стоит по моим подсчетам порядка полутора миллионов. Это без затрат на ремонт и остальные расходы";"АНО ""Клуб компьютерного спорта и фиджитал-спорта ""Кибер-атом""";
56.111358;94.611644;"Деятельность НКО: Социальная защита (помощь людям в трудной ситуации).

Основная деятельность: Оказание психолого-педагогической помощи семьям с детьми,  в том числе с инвалидностью и ОВЗ.

Ссылка на социальные сети: https://vk.com/sunny_gorod

ЦА: 
Семьи с детьми от рождения до 18 лет.

План мероприятий на год: 
Проект ""Передышка"" (поддержан КЦПРОИ).";"АНО РЦ ""Солнечный Город""";
56.109014;94.617411;"Деятельность НКО: Местное сообщество и развитие территорий.

Ссылка на социальные сети: https://vk.com/elenazivaeva";"АНО КРЦРМСИГ ЕЛЕНЫ ЖИВАЕВОЙ ";
56.111579;94.588916;"Деятельность НКО: Местное сообщество и развитие территорий.

Ссылка на социальные сети: https://m.vk.com/resyrs.center?from=groups";"АНО Ресурсный центр";
56.111057;94.591656;"Деятельность НКО: Социальная защита (помощь людям в трудной ситуации).

Основная деятельность: Предоставление социальных услуг на дому.

Ссылка на социальные сети: 
https://m.vk.com/liniya_zhizni_zel
http://liniyazhiznizel.ru 
https://ok.ru/group/61396158775366

ЦА:
Пенсионеры, инвалиды, семьи с детьми инвалидами, люди оказавшись в трудной жизненной ситуации.

План мероприятий на год:
1) Ежемесячно поздравление юбиляров на дому
2) Август - Сентябрь (Акция корзина добра сбор продуктов питания для малообеспечненых?)
3) Октябрь-День пожилого человека (поздравление презентами пожилых людей на дому)
4) Ноябрь - Международный день инвалида (посещение на дому молодых инвалидов с презентами)
5) День матери - поздравление многодетных матерей 
6) Декабрь - Новогодний экспресс (поздравление получателей социальных услуг)
Во всех мероприятиях нам помогают партнёры, садики, школы и техникум.";"АНО СС ""Линия жизни"" ";
56.111057;94.591656;"Деятельность НКО: Культура и образование.

Ссылка на социальные сети: https://vk.com/anocdrdzelenogorsk?from=groups";"АНО Центр досуга и развития детей";
56.313543;43.975893;"Деятельность НКО: Защита животных

Об НКО: Благотворительный Фонд ""Планета Кошек"" — это проект помощи бездомным животным в Нижнем Новгороде!
Благотворительный Фонд ""Планета Кошек"" входит в состав многофункционального Центра помощи и реабилитации животных. Деятельность Фонда направлена на спасение животных, оказавшихся в сложных жизненных ситуация, брошенных на улице, нуждающихся в ветеринарной помощи!

Ссылка на социальные сети: https://vk.com/planetakosheknn";"БФ «Планета кошек»";
55.10428;36.618242;"Деятельность НКО: Другое.
На стадии формирования концепции и формализации идеи.

Ссылка на социальные сети: https://vk.com/rosatomtech";"АНО ДПО ""Техническая академия Росатома"" ";
56.595946;84.90638;"Деятельность НКО: Социальная защита (помощь людям в трудной ситуации).

Ссылка на социальные сети: 
https://ok.ru/profile/566417452251/statuses/156787104735451";"ТРОО ""ВПЦ"" МИРНЫЙ ВОИН""";
56.080623;60.747808;"Деятельность НКО: Социальная защита (помощь людям в трудной ситуации).

Ссылка на социальные сети: https://vk.com/bdsnz";"СГОО БУМЕРАНГ ДОБРА";
56.091145;60.733785;"Деятельность НКО: Социальная защита (помощь людям в трудной ситуации).

Ссылка на социальные сети: https://vk.com/snzzhensovet";"ДоброЦентр при СО НКО Бумеранг добра ";
56.089272;60.732365;"Деятельность НКО: Местное сообщество и развитие территорий.

Основная деятельность: Поддержка семей с детьми: многодетных, приемных семей, семей в городских общежитиях через Семейный клуб, развитие социального предпринимательства. Содействие повышению качества жизни старшего поколения через Клуб общения старшего поколения. Поддержка общественного движения по сохранению и  развитию национальных культур в Снежинске. Защита прав женщин.

Ссылка на социальные сети: https://vk.com/sovetgensnz?from=groups

ЦА:
Женщины, семьи с детьми, пенсионеры.

План мероприятий на год: 
1) Открыть Семейный клуб и Центр долголетия";"Снежинская городская общественная организация ""Союз женщин Снежинска""";
52.759149;103.635975;"Деятельность НКО: Местное сообщество и развитие территорий.

Основная деятельность: Активизация/развитие местного сообщества для улучшения жизни в городе.

Ссылка на социальные сети: https://vk.com/club166583301

ЦА:
Неравнодушные жители, женщины 40+, семьи с детьми.
";"БФМС Новое Усолье";
52.748118;103.66986;"Деятельность НКО: Другое.

Основная деятельность: Организация работает по поддержке людей с инвалидностью и развитию адаптивной физической культуры и спорта в городе. Группа изучает более 25 человек различных нозологических групп. 

Ссылка на социальные сети: -

ЦА: 
Люди с инвалидностью всех возрастов.";"УГМО ИОРОООО ВОИ";
55.763594;60.71192;"Деятельность НКО: Другое.

Об НКО: Автономная некоммерческая организация помощи детям с ограниченными возможностями здоровья, инвалидностью и их семьям.

Ссылка на социальные сети: https://vk.com/club207076122";"АНО «Твердыми шагами»";
55.030664;73.299626;"Деятельность НКО: Социальная защита (помощь людям в трудной ситуации).

Основная деятельность: Помощь семьям воспитывающих детей с инвалидностью. Обучение неговорящих детей общаться при помощи альтернативной коммуникации. Открываем новое направление ранняя помощь детям до 3х  лет, имеющим трудности в развитии.

Ссылка на социальные сети: https://vk.com/perevaluchko

ЦА: 
Семьи воспитывающие детей до 3х лет, имеющие трудности в развитии, проживающие в Омском регионе.
Семьи воспитывающие неговорящих детей, нуждающихся в альтернативных способах общения, проживающие в городе Омске. 

План мероприятий до конца года: 
1) 31.07.25 Встреча с зам министра образования Груздевой - обсуждение дорожной карты развития альтернативной коммуникации в адаптивных школах Омской области. Мероприятия появятся после обсуждения дорожной карты.
2) 31.08.25 Завершение мероприятий проекта - встреч детей с инвалидностью по проекту ""Вокруг света"" поддержанного Министерством труда и социального развития Омской области.
3) 1.08.2025 Старт волонтерского проекта совместно с Омским филиалом ПАО ""Ростелеком"" «Чтение без границ».
4) 19.12.2025 Проведение двух новогодних мероприятий для детей с инвалидностью, поддержка Администрации города Омска.
5) Ждем результаты гранта Министерства внутренней политики Омской области. Проект ""Музыка для всех"", в рамках которого заложено сотрудничество с музыкальными школами региона для расширения компетенций педагогов в работе с особенными детьми.
5) В рамках субсидии Министерства труда и социального развития проводим занятия на безвозмездной основе для 30 ребят, учим общаться при помощи альтернативной коммуникации. (индивидуальные и групповые занятия"".
Занятия проводятся регулярно и постоянно.
6) С 15 сентября стартуют занятия в рамках ранней помощи для детей с трудностями в развитии до 3х лет. Ведем набор детей.

";"АНО СЦСА НАШИ ДЕТИ";